id,prediction
ABSA_TEST_0001,Positive
ABSA_TEST_0002,Positive
ABSA_TEST_0003,Positive
ABSA_TEST_0004,Neutral
ABSA_TEST_0005,Negative
ABSA_TEST_0006,Negative
ABSA_TEST_0007,Negative
ABSA_TEST_0008,Negative
ABSA_TEST_0009,Negative
ABSA_TEST_0010,Positive
ABSA_TEST_0011,Positive
ABSA_TEST_0012,Negative
ABSA_TEST_0013,Positive
ABSA_TEST_0014,Neutral
ABSA_TEST_0015,Neutral
ABSA_TEST_0016,Neutral
ABSA_TEST_0017,Positive
ABSA_TEST_0018,Negative
ABSA_TEST_0019,Neutral
ABSA_TEST_0020,Negative
ABSA_TEST_0021,Neutral
ABSA_TEST_0022,Negative
ABSA_TEST_0023,Neutral
ABSA_TEST_0024,Neutral
ABSA_TEST_0025,Neutral
ABSA_TEST_0026,Positive
ABSA_TEST_0027,Neutral
ABSA_TEST_0028,Negative
ABSA_TEST_0029,Positive
ABSA_TEST_0030,Neutral
ABSA_TEST_0031,Neutral
ABSA_TEST_0032,Positive
ABSA_TEST_0033,Negative
ABSA_TEST_0034,Neutral
ABSA_TEST_0035,Neutral
ABSA_TEST_0036,Negative
ABSA_TEST_0037,Neutral
ABSA_TEST_0038,Neutral
ABSA_TEST_0039,Neutral
ABSA_TEST_0040,Neutral
ABSA_TEST_0041,Negative
ABSA_TEST_0042,Negative
ABSA_TEST_0043,Negative
ABSA_TEST_0044,Positive
ABSA_TEST_0045,Negative
ABSA_TEST_0046,Neutral
ABSA_TEST_0047,Neutral
ABSA_TEST_0048,Positive
ABSA_TEST_0049,Neutral
ABSA_TEST_0050,Neutral
ABSA_TEST_0051,Negative
ABSA_TEST_0052,Positive
ABSA_TEST_0053,Positive
ABSA_TEST_0054,Negative
ABSA_TEST_0055,Positive
ABSA_TEST_0056,Neutral
ABSA_TEST_0057,Neutral
ABSA_TEST_0058,Neutral
ABSA_TEST_0059,Positive
ABSA_TEST_0060,Positive
ABSA_TEST_0061,Negative
ABSA_TEST_0062,Neutral
ABSA_TEST_0063,Neutral
ABSA_TEST_0064,Neutral
ABSA_TEST_0065,Neutral
ABSA_TEST_0066,Negative
ABSA_TEST_0067,Neutral
ABSA_TEST_0068,Neutral
ABSA_TEST_0069,Negative
ABSA_TEST_0070,Neutral
ABSA_TEST_0071,Neutral
ABSA_TEST_0072,Neutral
ABSA_TEST_0073,Positive
ABSA_TEST_0074,Positive
ABSA_TEST_0075,Neutral
ABSA_TEST_0076,Negative
ABSA_TEST_0077,Negative
ABSA_TEST_0078,Neutral
ABSA_TEST_0079,Neutral
ABSA_TEST_0080,Neutral
ABSA_TEST_0081,Positive
ABSA_TEST_0082,Neutral
ABSA_TEST_0083,Positive
ABSA_TEST_0084,Negative
ABSA_TEST_0085,Negative
ABSA_TEST_0086,Positive
ABSA_TEST_0087,Neutral
ABSA_TEST_0088,Positive
ABSA_TEST_0089,Neutral
ABSA_TEST_0090,Negative
ABSA_TEST_0091,Neutral
ABSA_TEST_0092,Neutral
ABSA_TEST_0093,Positive
ABSA_TEST_0094,Neutral
ABSA_TEST_0095,Negative
ABSA_TEST_0096,Positive
ABSA_TEST_0097,Negative
ABSA_TEST_0098,Negative
ABSA_TEST_0099,Positive
ABSA_TEST_0100,Neutral
ABSA_TEST_0101,Neutral
ABSA_TEST_0102,Neutral
ABSA_TEST_0103,Negative
ABSA_TEST_0104,Neutral
ABSA_TEST_0105,Neutral
ABSA_TEST_0106,Neutral
ABSA_TEST_0107,Neutral
ABSA_TEST_0108,Negative
ABSA_TEST_0109,Positive
ABSA_TEST_0110,Neutral
ABSA_TEST_0111,Positive
ABSA_TEST_0112,Neutral
ABSA_TEST_0113,Neutral
ABSA_TEST_0114,Neutral
ABSA_TEST_0115,Positive
ABSA_TEST_0116,Neutral
ABSA_TEST_0117,Neutral
ABSA_TEST_0118,Neutral
ABSA_TEST_0119,Positive
ABSA_TEST_0120,Neutral
ABSA_TEST_0121,Positive
ABSA_TEST_0122,Positive
ABSA_TEST_0123,Negative
ABSA_TEST_0124,Negative
ABSA_TEST_0125,Neutral
ABSA_TEST_0126,Positive
ABSA_TEST_0127,Neutral
ABSA_TEST_0128,Positive
ABSA_TEST_0129,Negative
ABSA_TEST_0130,Positive
ABSA_TEST_0131,Positive
ABSA_TEST_0132,Neutral
ABSA_TEST_0133,Neutral
ABSA_TEST_0134,Neutral
ABSA_TEST_0135,Neutral
ABSA_TEST_0136,Negative
ABSA_TEST_0137,Neutral
ABSA_TEST_0138,Negative
ABSA_TEST_0139,Positive
ABSA_TEST_0140,Positive
ABSA_TEST_0141,Neutral
ABSA_TEST_0142,Neutral
ABSA_TEST_0143,Neutral
ABSA_TEST_0144,Negative
ABSA_TEST_0145,Negative
ABSA_TEST_0146,Neutral
ABSA_TEST_0147,Positive
ABSA_TEST_0148,Positive
ABSA_TEST_0149,Positive
ABSA_TEST_0150,Neutral
ABSA_TEST_0151,Negative
ABSA_TEST_0152,Negative
ABSA_TEST_0153,Positive
ABSA_TEST_0154,Positive
ABSA_TEST_0155,Negative
ABSA_TEST_0156,Negative
ABSA_TEST_0157,Positive
ABSA_TEST_0158,Neutral
ABSA_TEST_0159,Neutral
ABSA_TEST_0160,Positive
ABSA_TEST_0161,Neutral
ABSA_TEST_0162,Neutral
ABSA_TEST_0163,Positive
ABSA_TEST_0164,Neutral
ABSA_TEST_0165,Neutral
ABSA_TEST_0166,Negative
ABSA_TEST_0167,Positive
ABSA_TEST_0168,Negative
ABSA_TEST_0169,Negative
ABSA_TEST_0170,Positive
ABSA_TEST_0171,Neutral
ABSA_TEST_0172,Positive
ABSA_TEST_0173,Positive
ABSA_TEST_0174,Positive
ABSA_TEST_0175,Positive
ABSA_TEST_0176,Neutral
ABSA_TEST_0177,Neutral
ABSA_TEST_0178,Neutral
ABSA_TEST_0179,Negative
ABSA_TEST_0180,Negative
ABSA_TEST_0181,Neutral
ABSA_TEST_0182,Positive
ABSA_TEST_0183,Neutral
ABSA_TEST_0184,Neutral
ABSA_TEST_0185,Neutral
ABSA_TEST_0186,Neutral
ABSA_TEST_0187,Neutral
ABSA_TEST_0188,Neutral
ABSA_TEST_0189,Positive
ABSA_TEST_0190,Neutral
ABSA_TEST_0191,Neutral
ABSA_TEST_0192,Positive
ABSA_TEST_0193,Positive
ABSA_TEST_0194,Positive
ABSA_TEST_0195,Neutral
ABSA_TEST_0196,Positive
ABSA_TEST_0197,Neutral
ABSA_TEST_0198,Positive
ABSA_TEST_0199,Positive
ABSA_TEST_0200,Neutral
ABSA_TEST_0201,Positive
ABSA_TEST_0202,Neutral
ABSA_TEST_0203,Negative
ABSA_TEST_0204,Neutral
ABSA_TEST_0205,Positive
ABSA_TEST_0206,Neutral
ABSA_TEST_0207,Positive
ABSA_TEST_0208,Neutral
ABSA_TEST_0209,Negative
ABSA_TEST_0210,Neutral
ABSA_TEST_0211,Positive
ABSA_TEST_0212,Negative
ABSA_TEST_0213,Positive
ABSA_TEST_0214,Neutral
ABSA_TEST_0215,Neutral
ABSA_TEST_0216,Positive
ABSA_TEST_0217,Neutral
ABSA_TEST_0218,Positive
ABSA_TEST_0219,Positive
ABSA_TEST_0220,Neutral
ABSA_TEST_0221,Neutral
ABSA_TEST_0222,Positive
ABSA_TEST_0223,Negative
ABSA_TEST_0224,Positive
ABSA_TEST_0225,Positive
ABSA_TEST_0226,Positive
ABSA_TEST_0227,Positive
ABSA_TEST_0228,Positive
ABSA_TEST_0229,Positive
ABSA_TEST_0230,Neutral
ABSA_TEST_0231,Negative
ABSA_TEST_0232,Neutral
ABSA_TEST_0233,Negative
ABSA_TEST_0234,Positive
ABSA_TEST_0235,Neutral
ABSA_TEST_0236,Negative
ABSA_TEST_0237,Neutral
ABSA_TEST_0238,Positive
ABSA_TEST_0239,Neutral
ABSA_TEST_0240,Positive
ABSA_TEST_0241,Neutral
ABSA_TEST_0242,Neutral
ABSA_TEST_0243,Neutral
ABSA_TEST_0244,Neutral
ABSA_TEST_0245,Positive
ABSA_TEST_0246,Neutral
ABSA_TEST_0247,Positive
ABSA_TEST_0248,Neutral
ABSA_TEST_0249,Neutral
ABSA_TEST_0250,Positive
ABSA_TEST_0251,Positive
ABSA_TEST_0252,Neutral
ABSA_TEST_0253,Negative
ABSA_TEST_0254,Negative
ABSA_TEST_0255,Positive
ABSA_TEST_0256,Neutral
ABSA_TEST_0257,Neutral
ABSA_TEST_0258,Positive
ABSA_TEST_0259,Positive
ABSA_TEST_0260,Negative
ABSA_TEST_0261,Negative
ABSA_TEST_0262,Neutral
ABSA_TEST_0263,Positive
ABSA_TEST_0264,Positive
ABSA_TEST_0265,Negative
ABSA_TEST_0266,Neutral
ABSA_TEST_0267,Neutral
ABSA_TEST_0268,Positive
ABSA_TEST_0269,Neutral
ABSA_TEST_0270,Neutral
ABSA_TEST_0271,Neutral
ABSA_TEST_0272,Positive
ABSA_TEST_0273,Positive
ABSA_TEST_0274,Positive
ABSA_TEST_0275,Neutral
ABSA_TEST_0276,Negative
ABSA_TEST_0277,Neutral
ABSA_TEST_0278,Neutral
ABSA_TEST_0279,Negative
ABSA_TEST_0280,Positive
ABSA_TEST_0281,Positive
ABSA_TEST_0282,Neutral
ABSA_TEST_0283,Positive
ABSA_TEST_0284,Negative
ABSA_TEST_0285,Neutral
ABSA_TEST_0286,Positive
ABSA_TEST_0287,Neutral
ABSA_TEST_0288,Neutral
ABSA_TEST_0289,Positive
ABSA_TEST_0290,Neutral
ABSA_TEST_0291,Positive
ABSA_TEST_0292,Neutral
ABSA_TEST_0293,Positive
ABSA_TEST_0294,Positive
ABSA_TEST_0295,Positive
ABSA_TEST_0296,Neutral
ABSA_TEST_0297,Neutral
ABSA_TEST_0298,Negative
ABSA_TEST_0299,Positive
ABSA_TEST_0300,Neutral
ABSA_TEST_0301,Negative
ABSA_TEST_0302,Neutral
ABSA_TEST_0303,Positive
ABSA_TEST_0304,Positive
ABSA_TEST_0305,Neutral
ABSA_TEST_0306,Neutral
ABSA_TEST_0307,Positive
ABSA_TEST_0308,Negative
ABSA_TEST_0309,Positive
ABSA_TEST_0310,Neutral
ABSA_TEST_0311,Neutral
ABSA_TEST_0312,Negative
ABSA_TEST_0313,Positive
ABSA_TEST_0314,Positive
ABSA_TEST_0315,Neutral
ABSA_TEST_0316,Neutral
ABSA_TEST_0317,Neutral
ABSA_TEST_0318,Neutral
ABSA_TEST_0319,Neutral
ABSA_TEST_0320,Negative
ABSA_TEST_0321,Neutral
ABSA_TEST_0322,Neutral
ABSA_TEST_0323,Positive
ABSA_TEST_0324,Positive
ABSA_TEST_0325,Neutral
ABSA_TEST_0326,Neutral
ABSA_TEST_0327,Negative
ABSA_TEST_0328,Negative
ABSA_TEST_0329,Negative
ABSA_TEST_0330,Neutral
ABSA_TEST_0331,Neutral
ABSA_TEST_0332,Neutral
ABSA_TEST_0333,Neutral
ABSA_TEST_0334,Positive
ABSA_TEST_0335,Neutral
ABSA_TEST_0336,Neutral
ABSA_TEST_0337,Negative
ABSA_TEST_0338,Neutral
ABSA_TEST_0339,Neutral
ABSA_TEST_0340,Negative
ABSA_TEST_0341,Positive
ABSA_TEST_0342,Neutral
ABSA_TEST_0343,Neutral
ABSA_TEST_0344,Negative
ABSA_TEST_0345,Neutral
ABSA_TEST_0346,Neutral
ABSA_TEST_0347,Positive
ABSA_TEST_0348,Neutral
ABSA_TEST_0349,Neutral
ABSA_TEST_0350,Neutral
ABSA_TEST_0351,Negative
ABSA_TEST_0352,Neutral
ABSA_TEST_0353,Negative
ABSA_TEST_0354,Neutral
ABSA_TEST_0355,Neutral
ABSA_TEST_0356,Negative
ABSA_TEST_0357,Positive
ABSA_TEST_0358,Positive
ABSA_TEST_0359,Positive
ABSA_TEST_0360,Positive
ABSA_TEST_0361,Positive
ABSA_TEST_0362,Neutral
ABSA_TEST_0363,Neutral
ABSA_TEST_0364,Negative
ABSA_TEST_0365,Negative
ABSA_TEST_0366,Neutral
ABSA_TEST_0367,Neutral
ABSA_TEST_0368,Negative
ABSA_TEST_0369,Neutral
ABSA_TEST_0370,Negative
ABSA_TEST_0371,Positive
ABSA_TEST_0372,Negative
ABSA_TEST_0373,Neutral
ABSA_TEST_0374,Neutral
ABSA_TEST_0375,Neutral
ABSA_TEST_0376,Positive
ABSA_TEST_0377,Positive
ABSA_TEST_0378,Neutral
ABSA_TEST_0379,Positive
ABSA_TEST_0380,Negative
ABSA_TEST_0381,Positive
ABSA_TEST_0382,Negative
ABSA_TEST_0383,Neutral
ABSA_TEST_0384,Neutral
ABSA_TEST_0385,Negative
ABSA_TEST_0386,Positive
ABSA_TEST_0387,Neutral
ABSA_TEST_0388,Neutral
ABSA_TEST_0389,Negative
ABSA_TEST_0390,Positive
ABSA_TEST_0391,Negative
ABSA_TEST_0392,Neutral
ABSA_TEST_0393,Positive
ABSA_TEST_0394,Positive
ABSA_TEST_0395,Positive
ABSA_TEST_0396,Neutral
ABSA_TEST_0397,Positive
ABSA_TEST_0398,Neutral
ABSA_TEST_0399,Negative
ABSA_TEST_0400,Negative
ABSA_TEST_0401,Neutral
ABSA_TEST_0402,Positive
ABSA_TEST_0403,Neutral
ABSA_TEST_0404,Positive
ABSA_TEST_0405,Neutral
ABSA_TEST_0406,Positive
ABSA_TEST_0407,Positive
ABSA_TEST_0408,Neutral
ABSA_TEST_0409,Neutral
ABSA_TEST_0410,Neutral
ABSA_TEST_0411,Neutral
ABSA_TEST_0412,Neutral
ABSA_TEST_0413,Positive
ABSA_TEST_0414,Positive
ABSA_TEST_0415,Positive
ABSA_TEST_0416,Neutral
ABSA_TEST_0417,Negative
ABSA_TEST_0418,Negative
ABSA_TEST_0419,Positive
ABSA_TEST_0420,Neutral
ABSA_TEST_0421,Neutral
ABSA_TEST_0422,Neutral
ABSA_TEST_0423,Positive
ABSA_TEST_0424,Neutral
ABSA_TEST_0425,Positive
ABSA_TEST_0426,Negative
ABSA_TEST_0427,Neutral
ABSA_TEST_0428,Neutral
ABSA_TEST_0429,Neutral
ABSA_TEST_0430,Negative
ABSA_TEST_0431,Negative
ABSA_TEST_0432,Neutral
ABSA_TEST_0433,Negative
ABSA_TEST_0434,Positive
ABSA_TEST_0435,Negative
ABSA_TEST_0436,Neutral
ABSA_TEST_0437,Neutral
ABSA_TEST_0438,Positive
ABSA_TEST_0439,Neutral
ABSA_TEST_0440,Neutral
ABSA_TEST_0441,Neutral
ABSA_TEST_0442,Neutral
ABSA_TEST_0443,Positive
ABSA_TEST_0444,Neutral
ABSA_TEST_0445,Neutral
ABSA_TEST_0446,Positive
ABSA_TEST_0447,Negative
ABSA_TEST_0448,Neutral
ABSA_TEST_0449,Negative
ABSA_TEST_0450,Neutral
ABSA_TEST_0451,Positive
ABSA_TEST_0452,Neutral
ABSA_TEST_0453,Neutral
ABSA_TEST_0454,Positive
ABSA_TEST_0455,Negative
ABSA_TEST_0456,Negative
ABSA_TEST_0457,Neutral
ABSA_TEST_0458,Neutral
ABSA_TEST_0459,Neutral
ABSA_TEST_0460,Positive
ABSA_TEST_0461,Neutral
ABSA_TEST_0462,Neutral
ABSA_TEST_0463,Negative
ABSA_TEST_0464,Negative
ABSA_TEST_0465,Negative
ABSA_TEST_0466,Negative
ABSA_TEST_0467,Negative
ABSA_TEST_0468,Negative
ABSA_TEST_0469,Neutral
ABSA_TEST_0470,Neutral
ABSA_TEST_0471,Negative
ABSA_TEST_0472,Neutral
ABSA_TEST_0473,Neutral
ABSA_TEST_0474,Positive
ABSA_TEST_0475,Neutral
ABSA_TEST_0476,Negative
ABSA_TEST_0477,Neutral
ABSA_TEST_0478,Positive
ABSA_TEST_0479,Neutral
ABSA_TEST_0480,Negative
ABSA_TEST_0481,Neutral
ABSA_TEST_0482,Negative
ABSA_TEST_0483,Neutral
ABSA_TEST_0484,Negative
ABSA_TEST_0485,Positive
ABSA_TEST_0486,Positive
ABSA_TEST_0487,Neutral
ABSA_TEST_0488,Positive
ABSA_TEST_0489,Neutral
ABSA_TEST_0490,Negative
ABSA_TEST_0491,Neutral
ABSA_TEST_0492,Positive
ABSA_TEST_0493,Positive
ABSA_TEST_0494,Negative
ABSA_TEST_0495,Neutral
ABSA_TEST_0496,Neutral
ABSA_TEST_0497,Negative
ABSA_TEST_0498,Negative
ABSA_TEST_0499,Positive
ABSA_TEST_0500,Neutral
ABSA_TEST_0501,Positive
ABSA_TEST_0502,Negative
ABSA_TEST_0503,Positive
ABSA_TEST_0504,Neutral
ABSA_TEST_0505,Neutral
ABSA_TEST_0506,Positive
ABSA_TEST_0507,Positive
ABSA_TEST_0508,Neutral
ABSA_TEST_0509,Positive
ABSA_TEST_0510,Neutral
ABSA_TEST_0511,Negative
ABSA_TEST_0512,Neutral
ABSA_TEST_0513,Neutral
ABSA_TEST_0514,Neutral
ABSA_TEST_0515,Negative
ABSA_TEST_0516,Neutral
ABSA_TEST_0517,Positive
ABSA_TEST_0518,Negative
ABSA_TEST_0519,Neutral
ABSA_TEST_0520,Neutral
ABSA_TEST_0521,Neutral
ABSA_TEST_0522,Positive
ABSA_TEST_0523,Neutral
ABSA_TEST_0524,Negative
ABSA_TEST_0525,Positive
ABSA_TEST_0526,Neutral
ABSA_TEST_0527,Neutral
ABSA_TEST_0528,Neutral
ABSA_TEST_0529,Neutral
ABSA_TEST_0530,Negative
ABSA_TEST_0531,Negative
ABSA_TEST_0532,Neutral
ABSA_TEST_0533,Neutral
ABSA_TEST_0534,Positive
ABSA_TEST_0535,Neutral
ABSA_TEST_0536,Neutral
ABSA_TEST_0537,Negative
ABSA_TEST_0538,Neutral
ABSA_TEST_0539,Positive
ABSA_TEST_0540,Neutral
ABSA_TEST_0541,Neutral
ABSA_TEST_0542,Negative
ABSA_TEST_0543,Positive
ABSA_TEST_0544,Neutral
ABSA_TEST_0545,Positive
ABSA_TEST_0546,Neutral
ABSA_TEST_0547,Positive
ABSA_TEST_0548,Neutral
ABSA_TEST_0549,Negative
ABSA_TEST_0550,Positive
ABSA_TEST_0551,Negative
ABSA_TEST_0552,Neutral
ABSA_TEST_0553,Negative
ABSA_TEST_0554,Neutral
ABSA_TEST_0555,Neutral
ABSA_TEST_0556,Neutral
ABSA_TEST_0557,Neutral
ABSA_TEST_0558,Neutral
ABSA_TEST_0559,Negative
ABSA_TEST_0560,Neutral
ABSA_TEST_0561,Neutral
ABSA_TEST_0562,Neutral
ABSA_TEST_0563,Positive
ABSA_TEST_0564,Positive
ABSA_TEST_0565,Negative
ABSA_TEST_0566,Neutral
ABSA_TEST_0567,Negative
ABSA_TEST_0568,Neutral
ABSA_TEST_0569,Negative
ABSA_TEST_0570,Positive
ABSA_TEST_0571,Neutral
ABSA_TEST_0572,Neutral
ABSA_TEST_0573,Positive
ABSA_TEST_0574,Neutral
ABSA_TEST_0575,Negative
ABSA_TEST_0576,Negative
ABSA_TEST_0577,Positive
ABSA_TEST_0578,Neutral
ABSA_TEST_0579,Neutral
ABSA_TEST_0580,Negative
ABSA_TEST_0581,Neutral
ABSA_TEST_0582,Positive
ABSA_TEST_0583,Positive
ABSA_TEST_0584,Positive
ABSA_TEST_0585,Negative
ABSA_TEST_0586,Positive
ABSA_TEST_0587,Negative
ABSA_TEST_0588,Positive
ABSA_TEST_0589,Neutral
ABSA_TEST_0590,Neutral
ABSA_TEST_0591,Neutral
ABSA_TEST_0592,Neutral
ABSA_TEST_0593,Positive
ABSA_TEST_0594,Neutral
ABSA_TEST_0595,Negative
ABSA_TEST_0596,Positive
ABSA_TEST_0597,Negative
ABSA_TEST_0598,Neutral
ABSA_TEST_0599,Positive
ABSA_TEST_0600,Negative
ABSA_TEST_0601,Neutral
ABSA_TEST_0602,Neutral
ABSA_TEST_0603,Neutral
ABSA_TEST_0604,Positive
ABSA_TEST_0605,Positive
ABSA_TEST_0606,Positive
ABSA_TEST_0607,Positive
ABSA_TEST_0608,Positive
ABSA_TEST_0609,Positive
ABSA_TEST_0610,Neutral
ABSA_TEST_0611,Neutral
ABSA_TEST_0612,Positive
ABSA_TEST_0613,Negative
ABSA_TEST_0614,Positive
ABSA_TEST_0615,Positive
ABSA_TEST_0616,Neutral
ABSA_TEST_0617,Neutral
ABSA_TEST_0618,Negative
ABSA_TEST_0619,Negative
ABSA_TEST_0620,Neutral
ABSA_TEST_0621,Negative
ABSA_TEST_0622,Neutral
ABSA_TEST_0623,Neutral
ABSA_TEST_0624,Neutral
ABSA_TEST_0625,Neutral
ABSA_TEST_0626,Neutral
ABSA_TEST_0627,Positive
ABSA_TEST_0628,Neutral
ABSA_TEST_0629,Neutral
ABSA_TEST_0630,Neutral
ABSA_TEST_0631,Neutral
ABSA_TEST_0632,Negative
ABSA_TEST_0633,Negative
ABSA_TEST_0634,Negative
ABSA_TEST_0635,Neutral
ABSA_TEST_0636,Positive
ABSA_TEST_0637,Positive
ABSA_TEST_0638,Neutral
ABSA_TEST_0639,Positive
ABSA_TEST_0640,Neutral
ABSA_TEST_0641,Negative
ABSA_TEST_0642,Positive
ABSA_TEST_0643,Positive
ABSA_TEST_0644,Neutral
ABSA_TEST_0645,Neutral
ABSA_TEST_0646,Neutral
ABSA_TEST_0647,Neutral
ABSA_TEST_0648,Neutral
ABSA_TEST_0649,Neutral
ABSA_TEST_0650,Neutral
ABSA_TEST_0651,Neutral
ABSA_TEST_0652,Negative
ABSA_TEST_0653,Negative
ABSA_TEST_0654,Negative
ABSA_TEST_0655,Negative
ABSA_TEST_0656,Negative
ABSA_TEST_0657,Neutral
ABSA_TEST_0658,Positive
ABSA_TEST_0659,Neutral
ABSA_TEST_0660,Positive
ABSA_TEST_0661,Negative
ABSA_TEST_0662,Neutral
ABSA_TEST_0663,Neutral
ABSA_TEST_0664,Neutral
ABSA_TEST_0665,Neutral
ABSA_TEST_0666,Neutral
ABSA_TEST_0667,Positive
ABSA_TEST_0668,Neutral
ABSA_TEST_0669,Neutral
ABSA_TEST_0670,Neutral
ABSA_TEST_0671,Neutral
ABSA_TEST_0672,Positive
ABSA_TEST_0673,Negative
ABSA_TEST_0674,Negative
ABSA_TEST_0675,Positive
ABSA_TEST_0676,Negative
ABSA_TEST_0677,Neutral
ABSA_TEST_0678,Neutral
ABSA_TEST_0679,Neutral
ABSA_TEST_0680,Positive
ABSA_TEST_0681,Negative
ABSA_TEST_0682,Positive
ABSA_TEST_0683,Negative
ABSA_TEST_0684,Neutral
ABSA_TEST_0685,Positive
ABSA_TEST_0686,Positive
ABSA_TEST_0687,Neutral
ABSA_TEST_0688,Negative
ABSA_TEST_0689,Neutral
ABSA_TEST_0690,Negative
ABSA_TEST_0691,Positive
ABSA_TEST_0692,Positive
ABSA_TEST_0693,Negative
ABSA_TEST_0694,Negative
ABSA_TEST_0695,Positive
ABSA_TEST_0696,Neutral
ABSA_TEST_0697,Neutral
ABSA_TEST_0698,Neutral
ABSA_TEST_0699,Positive
ABSA_TEST_0700,Negative
ABSA_TEST_0701,Neutral
ABSA_TEST_0702,Negative
ABSA_TEST_0703,Neutral
ABSA_TEST_0704,Negative
ABSA_TEST_0705,Positive
ABSA_TEST_0706,Neutral
ABSA_TEST_0707,Neutral
ABSA_TEST_0708,Negative
ABSA_TEST_0709,Neutral
ABSA_TEST_0710,Neutral
ABSA_TEST_0711,Negative
ABSA_TEST_0712,Negative
ABSA_TEST_0713,Negative
ABSA_TEST_0714,Neutral
ABSA_TEST_0715,Neutral
ABSA_TEST_0716,Neutral
ABSA_TEST_0717,Neutral
ABSA_TEST_0718,Neutral
ABSA_TEST_0719,Neutral
ABSA_TEST_0720,Negative
ABSA_TEST_0721,Negative
ABSA_TEST_0722,Positive
ABSA_TEST_0723,Neutral
ABSA_TEST_0724,Neutral
ABSA_TEST_0725,Positive
ABSA_TEST_0726,Neutral
ABSA_TEST_0727,Neutral
ABSA_TEST_0728,Neutral
ABSA_TEST_0729,Negative
ABSA_TEST_0730,Negative
ABSA_TEST_0731,Negative
ABSA_TEST_0732,Neutral
ABSA_TEST_0733,Neutral
ABSA_TEST_0734,Neutral
ABSA_TEST_0735,Positive
ABSA_TEST_0736,Neutral
ABSA_TEST_0737,Neutral
ABSA_TEST_0738,Positive
ABSA_TEST_0739,Positive
ABSA_TEST_0740,Neutral
ABSA_TEST_0741,Negative
ABSA_TEST_0742,Positive
ABSA_TEST_0743,Neutral
ABSA_TEST_0744,Positive
ABSA_TEST_0745,Positive
ABSA_TEST_0746,Negative
ABSA_TEST_0747,Positive
ABSA_TEST_0748,Positive
ABSA_TEST_0749,Negative
ABSA_TEST_0750,Negative
ABSA_TEST_0751,Neutral
ABSA_TEST_0752,Positive
ABSA_TEST_0753,Positive
ABSA_TEST_0754,Positive
ABSA_TEST_0755,Neutral
ABSA_TEST_0756,Positive
ABSA_TEST_0757,Neutral
ABSA_TEST_0758,Neutral
ABSA_TEST_0759,Positive
ABSA_TEST_0760,Neutral
ABSA_TEST_0761,Negative
ABSA_TEST_0762,Negative
ABSA_TEST_0763,Neutral
ABSA_TEST_0764,Neutral
ABSA_TEST_0765,Neutral
ABSA_TEST_0766,Neutral
ABSA_TEST_0767,Positive
ABSA_TEST_0768,Negative
ABSA_TEST_0769,Positive
ABSA_TEST_0770,Neutral
ABSA_TEST_0771,Neutral
ABSA_TEST_0772,Neutral
ABSA_TEST_0773,Neutral
ABSA_TEST_0774,Neutral
ABSA_TEST_0775,Negative
ABSA_TEST_0776,Negative
ABSA_TEST_0777,Neutral
ABSA_TEST_0778,Positive
ABSA_TEST_0779,Positive
ABSA_TEST_0780,Neutral
ABSA_TEST_0781,Neutral
ABSA_TEST_0782,Neutral
ABSA_TEST_0783,Neutral
ABSA_TEST_0784,Neutral
ABSA_TEST_0785,Negative
ABSA_TEST_0786,Positive
ABSA_TEST_0787,Positive
ABSA_TEST_0788,Neutral
ABSA_TEST_0789,Neutral
ABSA_TEST_0790,Neutral
ABSA_TEST_0791,Neutral
ABSA_TEST_0792,Positive
ABSA_TEST_0793,Positive
ABSA_TEST_0794,Negative
ABSA_TEST_0795,Negative
ABSA_TEST_0796,Neutral
ABSA_TEST_0797,Positive
ABSA_TEST_0798,Neutral
ABSA_TEST_0799,Negative
ABSA_TEST_0800,Positive
ABSA_TEST_0801,Neutral
ABSA_TEST_0802,Negative
ABSA_TEST_0803,Positive
ABSA_TEST_0804,Negative
ABSA_TEST_0805,Neutral
ABSA_TEST_0806,Neutral
ABSA_TEST_0807,Negative
ABSA_TEST_0808,Neutral
ABSA_TEST_0809,Negative
ABSA_TEST_0810,Neutral
ABSA_TEST_0811,Positive
ABSA_TEST_0812,Negative
ABSA_TEST_0813,Negative
ABSA_TEST_0814,Negative
ABSA_TEST_0815,Positive
ABSA_TEST_0816,Positive
ABSA_TEST_0817,Neutral
ABSA_TEST_0818,Neutral
ABSA_TEST_0819,Positive
ABSA_TEST_0820,Neutral
ABSA_TEST_0821,Neutral
ABSA_TEST_0822,Neutral
ABSA_TEST_0823,Positive
ABSA_TEST_0824,Neutral
ABSA_TEST_0825,Positive
ABSA_TEST_0826,Negative
ABSA_TEST_0827,Positive
ABSA_TEST_0828,Positive
ABSA_TEST_0829,Negative
ABSA_TEST_0830,Negative
ABSA_TEST_0831,Neutral
ABSA_TEST_0832,Positive
ABSA_TEST_0833,Neutral
ABSA_TEST_0834,Neutral
ABSA_TEST_0835,Negative
ABSA_TEST_0836,Negative
ABSA_TEST_0837,Positive
ABSA_TEST_0838,Neutral
ABSA_TEST_0839,Negative
ABSA_TEST_0840,Neutral
ABSA_TEST_0841,Positive
ABSA_TEST_0842,Positive
ABSA_TEST_0843,Negative
ABSA_TEST_0844,Neutral
ABSA_TEST_0845,Neutral
ABSA_TEST_0846,Neutral
ABSA_TEST_0847,Negative
ABSA_TEST_0848,Neutral
ABSA_TEST_0849,Negative
ABSA_TEST_0850,Neutral
ABSA_TEST_0851,Neutral
ABSA_TEST_0852,Neutral
ABSA_TEST_0853,Positive
ABSA_TEST_0854,Neutral
ABSA_TEST_0855,Negative
ABSA_TEST_0856,Neutral
ABSA_TEST_0857,Neutral
ABSA_TEST_0858,Neutral
ABSA_TEST_0859,Neutral
ABSA_TEST_0860,Positive
ABSA_TEST_0861,Neutral
ABSA_TEST_0862,Neutral
ABSA_TEST_0863,Neutral
ABSA_TEST_0864,Neutral
ABSA_TEST_0865,Neutral
ABSA_TEST_0866,Neutral
ABSA_TEST_0867,Positive
ABSA_TEST_0868,Neutral
ABSA_TEST_0869,Positive
ABSA_TEST_0870,Positive
ABSA_TEST_0871,Neutral
ABSA_TEST_0872,Negative
ABSA_TEST_0873,Negative
ABSA_TEST_0874,Neutral
ABSA_TEST_0875,Positive
ABSA_TEST_0876,Neutral
ABSA_TEST_0877,Positive
ABSA_TEST_0878,Negative
ABSA_TEST_0879,Positive
ABSA_TEST_0880,Negative
ABSA_TEST_0881,Positive
ABSA_TEST_0882,Neutral
ABSA_TEST_0883,Negative
ABSA_TEST_0884,Positive
ABSA_TEST_0885,Neutral
ABSA_TEST_0886,Positive
ABSA_TEST_0887,Neutral
ABSA_TEST_0888,Positive
ABSA_TEST_0889,Positive
ABSA_TEST_0890,Positive
ABSA_TEST_0891,Neutral
ABSA_TEST_0892,Positive
ABSA_TEST_0893,Neutral
ABSA_TEST_0894,Neutral
ABSA_TEST_0895,Neutral
ABSA_TEST_0896,Neutral
ABSA_TEST_0897,Positive
ABSA_TEST_0898,Negative
ABSA_TEST_0899,Neutral
ABSA_TEST_0900,Neutral
ABSA_TEST_0901,Neutral
ABSA_TEST_0902,Neutral
ABSA_TEST_0903,Neutral
ABSA_TEST_0904,Positive
ABSA_TEST_0905,Neutral
ABSA_TEST_0906,Negative
ABSA_TEST_0907,Neutral
ABSA_TEST_0908,Neutral
ABSA_TEST_0909,Neutral
ABSA_TEST_0910,Neutral
ABSA_TEST_0911,Negative
ABSA_TEST_0912,Neutral
ABSA_TEST_0913,Neutral
ABSA_TEST_0914,Neutral
ABSA_TEST_0915,Positive
ABSA_TEST_0916,Neutral
ABSA_TEST_0917,Neutral
ABSA_TEST_0918,Negative
ABSA_TEST_0919,Positive
ABSA_TEST_0920,Positive
ABSA_TEST_0921,Neutral
ABSA_TEST_0922,Negative
ABSA_TEST_0923,Negative
ABSA_TEST_0924,Positive
ABSA_TEST_0925,Negative
ABSA_TEST_0926,Negative
ABSA_TEST_0927,Positive
ABSA_TEST_0928,Positive
ABSA_TEST_0929,Neutral
ABSA_TEST_0930,Neutral
ABSA_TEST_0931,Positive
ABSA_TEST_0932,Neutral
ABSA_TEST_0933,Positive
ABSA_TEST_0934,Positive
ABSA_TEST_0935,Positive
ABSA_TEST_0936,Neutral
ABSA_TEST_0937,Positive
ABSA_TEST_0938,Positive
ABSA_TEST_0939,Neutral
ABSA_TEST_0940,Neutral
ABSA_TEST_0941,Neutral
ABSA_TEST_0942,Neutral
ABSA_TEST_0943,Negative
ABSA_TEST_0944,Negative
ABSA_TEST_0945,Neutral
ABSA_TEST_0946,Negative
ABSA_TEST_0947,Positive
ABSA_TEST_0948,Negative
ABSA_TEST_0949,Neutral
ABSA_TEST_0950,Positive
ABSA_TEST_0951,Negative
ABSA_TEST_0952,Negative
ABSA_TEST_0953,Negative
ABSA_TEST_0954,Neutral
ABSA_TEST_0955,Positive
ABSA_TEST_0956,Neutral
ABSA_TEST_0957,Negative
ABSA_TEST_0958,Neutral
ABSA_TEST_0959,Neutral
ABSA_TEST_0960,Negative
ABSA_TEST_0961,Negative
ABSA_TEST_0962,Negative
ABSA_TEST_0963,Positive
ABSA_TEST_0964,Positive
ABSA_TEST_0965,Negative
ABSA_TEST_0966,Neutral
ABSA_TEST_0967,Positive
ABSA_TEST_0968,Negative
ABSA_TEST_0969,Neutral
ABSA_TEST_0970,Positive
ABSA_TEST_0971,Negative
ABSA_TEST_0972,Neutral
ABSA_TEST_0973,Negative
ABSA_TEST_0974,Neutral
ABSA_TEST_0975,Neutral
ABSA_TEST_0976,Neutral
ABSA_TEST_0977,Neutral
ABSA_TEST_0978,Negative
ABSA_TEST_0979,Neutral
ABSA_TEST_0980,Positive
ABSA_TEST_0981,Negative
ABSA_TEST_0982,Neutral
ABSA_TEST_0983,Positive
ABSA_TEST_0984,Neutral
ABSA_TEST_0985,Negative
ABSA_TEST_0986,Negative
ABSA_TEST_0987,Positive
ABSA_TEST_0988,Neutral
ABSA_TEST_0989,Negative
ABSA_TEST_0990,Neutral
ABSA_TEST_0991,Neutral
ABSA_TEST_0992,Neutral
ABSA_TEST_0993,Positive
ABSA_TEST_0994,Neutral
ABSA_TEST_0995,Negative
ABSA_TEST_0996,Neutral
ABSA_TEST_0997,Negative
ABSA_TEST_0998,Neutral
ABSA_TEST_0999,Negative
ABSA_TEST_1000,Positive
ABSA_TEST_1001,Negative
ABSA_TEST_1002,Positive
ABSA_TEST_1003,Negative
ABSA_TEST_1004,Negative
ABSA_TEST_1005,Negative
ABSA_TEST_1006,Negative
ABSA_TEST_1007,Negative
ABSA_TEST_1008,Positive
ABSA_TEST_1009,Positive
ABSA_TEST_1010,Positive
ABSA_TEST_1011,Neutral
ABSA_TEST_1012,Neutral
ABSA_TEST_1013,Neutral
ABSA_TEST_1014,Positive
ABSA_TEST_1015,Negative
ABSA_TEST_1016,Negative
ABSA_TEST_1017,Positive
ABSA_TEST_1018,Neutral
ABSA_TEST_1019,Negative
ABSA_TEST_1020,Negative
ABSA_TEST_1021,Negative
ABSA_TEST_1022,Positive
ABSA_TEST_1023,Positive
ABSA_TEST_1024,Neutral
ABSA_TEST_1025,Neutral
ABSA_TEST_1026,Neutral
ABSA_TEST_1027,Positive
ABSA_TEST_1028,Negative
ABSA_TEST_1029,Neutral
ABSA_TEST_1030,Negative
ABSA_TEST_1031,Neutral
ABSA_TEST_1032,Negative
ABSA_TEST_1033,Neutral
ABSA_TEST_1034,Neutral
ABSA_TEST_1035,Negative
ABSA_TEST_1036,Neutral
ABSA_TEST_1037,Neutral
ABSA_TEST_1038,Neutral
ABSA_TEST_1039,Neutral
ABSA_TEST_1040,Neutral
ABSA_TEST_1041,Negative
ABSA_TEST_1042,Negative
ABSA_TEST_1043,Neutral
ABSA_TEST_1044,Negative
ABSA_TEST_1045,Positive
ABSA_TEST_1046,Neutral
ABSA_TEST_1047,Neutral
ABSA_TEST_1048,Positive
ABSA_TEST_1049,Neutral
ABSA_TEST_1050,Neutral
ABSA_TEST_1051,Neutral
ABSA_TEST_1052,Neutral
ABSA_TEST_1053,Negative
ABSA_TEST_1054,Positive
ABSA_TEST_1055,Neutral
ABSA_TEST_1056,Neutral
ABSA_TEST_1057,Positive
ABSA_TEST_1058,Negative
ABSA_TEST_1059,Positive
ABSA_TEST_1060,Neutral
ABSA_TEST_1061,Negative
ABSA_TEST_1062,Neutral
ABSA_TEST_1063,Negative
ABSA_TEST_1064,Negative
ABSA_TEST_1065,Negative
ABSA_TEST_1066,Neutral
ABSA_TEST_1067,Neutral
ABSA_TEST_1068,Neutral
ABSA_TEST_1069,Neutral
ABSA_TEST_1070,Negative
ABSA_TEST_1071,Negative
ABSA_TEST_1072,Positive
ABSA_TEST_1073,Negative
ABSA_TEST_1074,Neutral
ABSA_TEST_1075,Neutral
ABSA_TEST_1076,Positive
ABSA_TEST_1077,Positive
ABSA_TEST_1078,Neutral
ABSA_TEST_1079,Neutral
ABSA_TEST_1080,Neutral
ABSA_TEST_1081,Negative
ABSA_TEST_1082,Negative
ABSA_TEST_1083,Negative
ABSA_TEST_1084,Neutral
ABSA_TEST_1085,Positive
ABSA_TEST_1086,Neutral
ABSA_TEST_1087,Neutral
ABSA_TEST_1088,Positive
ABSA_TEST_1089,Positive
ABSA_TEST_1090,Positive
ABSA_TEST_1091,Neutral
ABSA_TEST_1092,Positive
ABSA_TEST_1093,Negative
ABSA_TEST_1094,Negative
ABSA_TEST_1095,Neutral
ABSA_TEST_1096,Positive
ABSA_TEST_1097,Neutral
ABSA_TEST_1098,Neutral
ABSA_TEST_1099,Positive
ABSA_TEST_1100,Negative
ABSA_TEST_1101,Neutral
ABSA_TEST_1102,Positive
ABSA_TEST_1103,Negative
ABSA_TEST_1104,Neutral
ABSA_TEST_1105,Positive
ABSA_TEST_1106,Neutral
ABSA_TEST_1107,Positive
ABSA_TEST_1108,Neutral
ABSA_TEST_1109,Negative
ABSA_TEST_1110,Neutral
ABSA_TEST_1111,Neutral
ABSA_TEST_1112,Positive
ABSA_TEST_1113,Positive
ABSA_TEST_1114,Positive
ABSA_TEST_1115,Negative
ABSA_TEST_1116,Negative
ABSA_TEST_1117,Neutral
ABSA_TEST_1118,Neutral
ABSA_TEST_1119,Neutral
ABSA_TEST_1120,Negative
ABSA_TEST_1121,Neutral
ABSA_TEST_1122,Negative
ABSA_TEST_1123,Positive
ABSA_TEST_1124,Positive
ABSA_TEST_1125,Neutral
ABSA_TEST_1126,Positive
ABSA_TEST_1127,Negative
ABSA_TEST_1128,Negative
ABSA_TEST_1129,Negative
ABSA_TEST_1130,Negative
ABSA_TEST_1131,Neutral
ABSA_TEST_1132,Neutral
ABSA_TEST_1133,Negative
ABSA_TEST_1134,Positive
ABSA_TEST_1135,Negative
ABSA_TEST_1136,Neutral
ABSA_TEST_1137,Neutral
ABSA_TEST_1138,Negative
ABSA_TEST_1139,Positive
ABSA_TEST_1140,Neutral
ABSA_TEST_1141,Neutral
ABSA_TEST_1142,Positive
ABSA_TEST_1143,Positive
ABSA_TEST_1144,Positive
ABSA_TEST_1145,Positive
ABSA_TEST_1146,Neutral
ABSA_TEST_1147,Negative
ABSA_TEST_1148,Positive
ABSA_TEST_1149,Neutral
ABSA_TEST_1150,Negative
ABSA_TEST_1151,Positive
ABSA_TEST_1152,Negative
ABSA_TEST_1153,Neutral
ABSA_TEST_1154,Neutral
ABSA_TEST_1155,Neutral
ABSA_TEST_1156,Neutral
ABSA_TEST_1157,Negative
ABSA_TEST_1158,Neutral
ABSA_TEST_1159,Neutral
ABSA_TEST_1160,Positive
ABSA_TEST_1161,Neutral
ABSA_TEST_1162,Positive
ABSA_TEST_1163,Neutral
ABSA_TEST_1164,Neutral
ABSA_TEST_1165,Neutral
ABSA_TEST_1166,Neutral
ABSA_TEST_1167,Neutral
ABSA_TEST_1168,Positive
ABSA_TEST_1169,Positive
ABSA_TEST_1170,Neutral
ABSA_TEST_1171,Positive
ABSA_TEST_1172,Neutral
ABSA_TEST_1173,Neutral
ABSA_TEST_1174,Negative
ABSA_TEST_1175,Neutral
ABSA_TEST_1176,Positive
ABSA_TEST_1177,Neutral
ABSA_TEST_1178,Positive
ABSA_TEST_1179,Positive
ABSA_TEST_1180,Positive
ABSA_TEST_1181,Positive
ABSA_TEST_1182,Neutral
ABSA_TEST_1183,Neutral
ABSA_TEST_1184,Positive
ABSA_TEST_1185,Neutral
ABSA_TEST_1186,Neutral
ABSA_TEST_1187,Negative
ABSA_TEST_1188,Neutral
ABSA_TEST_1189,Neutral
ABSA_TEST_1190,Negative
ABSA_TEST_1191,Negative
ABSA_TEST_1192,Positive
ABSA_TEST_1193,Neutral
ABSA_TEST_1194,Positive
ABSA_TEST_1195,Positive
ABSA_TEST_1196,Positive
ABSA_TEST_1197,Positive
ABSA_TEST_1198,Neutral
ABSA_TEST_1199,Positive
ABSA_TEST_1200,Positive
ABSA_TEST_1201,Positive
ABSA_TEST_1202,Neutral
ABSA_TEST_1203,Negative
ABSA_TEST_1204,Neutral
ABSA_TEST_1205,Positive
ABSA_TEST_1206,Positive
ABSA_TEST_1207,Neutral
ABSA_TEST_1208,Neutral
ABSA_TEST_1209,Neutral
ABSA_TEST_1210,Positive
ABSA_TEST_1211,Positive
ABSA_TEST_1212,Neutral
ABSA_TEST_1213,Negative
ABSA_TEST_1214,Positive
ABSA_TEST_1215,Neutral
ABSA_TEST_1216,Neutral
ABSA_TEST_1217,Neutral
ABSA_TEST_1218,Positive
ABSA_TEST_1219,Negative
ABSA_TEST_1220,Neutral
ABSA_TEST_1221,Neutral
ABSA_TEST_1222,Neutral
ABSA_TEST_1223,Positive
ABSA_TEST_1224,Positive
ABSA_TEST_1225,Neutral
ABSA_TEST_1226,Neutral
ABSA_TEST_1227,Neutral
ABSA_TEST_1228,Positive
ABSA_TEST_1229,Negative
ABSA_TEST_1230,Positive
ABSA_TEST_1231,Positive
ABSA_TEST_1232,Positive
ABSA_TEST_1233,Positive
ABSA_TEST_1234,Negative
ABSA_TEST_1235,Negative
ABSA_TEST_1236,Neutral
ABSA_TEST_1237,Positive
ABSA_TEST_1238,Neutral
ABSA_TEST_1239,Positive
ABSA_TEST_1240,Positive
ABSA_TEST_1241,Neutral
ABSA_TEST_1242,Neutral
ABSA_TEST_1243,Positive
ABSA_TEST_1244,Positive
ABSA_TEST_1245,Negative
ABSA_TEST_1246,Neutral
ABSA_TEST_1247,Positive
ABSA_TEST_1248,Neutral
ABSA_TEST_1249,Neutral
ABSA_TEST_1250,Neutral
ABSA_TEST_1251,Positive
ABSA_TEST_1252,Neutral
ABSA_TEST_1253,Negative
ABSA_TEST_1254,Neutral
ABSA_TEST_1255,Neutral
ABSA_TEST_1256,Neutral
ABSA_TEST_1257,Neutral
ABSA_TEST_1258,Neutral
ABSA_TEST_1259,Positive
ABSA_TEST_1260,Positive
ABSA_TEST_1261,Negative
ABSA_TEST_1262,Negative
ABSA_TEST_1263,Neutral
ABSA_TEST_1264,Positive
ABSA_TEST_1265,Neutral
ABSA_TEST_1266,Negative
ABSA_TEST_1267,Positive
ABSA_TEST_1268,Negative
ABSA_TEST_1269,Positive
ABSA_TEST_1270,Neutral
ABSA_TEST_1271,Positive
ABSA_TEST_1272,Neutral
ABSA_TEST_1273,Neutral
ABSA_TEST_1274,Positive
ABSA_TEST_1275,Neutral
ABSA_TEST_1276,Neutral
ABSA_TEST_1277,Positive
ABSA_TEST_1278,Negative
ABSA_TEST_1279,Neutral
ABSA_TEST_1280,Neutral
ABSA_TEST_1281,Neutral
ABSA_TEST_1282,Negative
ABSA_TEST_1283,Neutral
ABSA_TEST_1284,Neutral
ABSA_TEST_1285,Negative
ABSA_TEST_1286,Neutral
ABSA_TEST_1287,Positive
ABSA_TEST_1288,Negative
ABSA_TEST_1289,Positive
ABSA_TEST_1290,Neutral
ABSA_TEST_1291,Neutral
ABSA_TEST_1292,Positive
ABSA_TEST_1293,Positive
ABSA_TEST_1294,Neutral
ABSA_TEST_1295,Negative
ABSA_TEST_1296,Negative
ABSA_TEST_1297,Neutral
ABSA_TEST_1298,Positive
ABSA_TEST_1299,Neutral
ABSA_TEST_1300,Neutral
ABSA_TEST_1301,Negative
ABSA_TEST_1302,Negative
ABSA_TEST_1303,Negative
ABSA_TEST_1304,Negative
ABSA_TEST_1305,Neutral
ABSA_TEST_1306,Neutral
ABSA_TEST_1307,Positive
ABSA_TEST_1308,Neutral
ABSA_TEST_1309,Neutral
ABSA_TEST_1310,Neutral
ABSA_TEST_1311,Negative
ABSA_TEST_1312,Negative
ABSA_TEST_1313,Neutral
ABSA_TEST_1314,Negative
ABSA_TEST_1315,Negative
ABSA_TEST_1316,Neutral
ABSA_TEST_1317,Positive
ABSA_TEST_1318,Positive
ABSA_TEST_1319,Positive
ABSA_TEST_1320,Negative
ABSA_TEST_1321,Neutral
ABSA_TEST_1322,Neutral
ABSA_TEST_1323,Negative
ABSA_TEST_1324,Positive
ABSA_TEST_1325,Positive
ABSA_TEST_1326,Negative
ABSA_TEST_1327,Positive
ABSA_TEST_1328,Neutral
ABSA_TEST_1329,Neutral
ABSA_TEST_1330,Neutral
ABSA_TEST_1331,Neutral
ABSA_TEST_1332,Neutral
ABSA_TEST_1333,Negative
ABSA_TEST_1334,Neutral
ABSA_TEST_1335,Negative
ABSA_TEST_1336,Neutral
ABSA_TEST_1337,Neutral
ABSA_TEST_1338,Neutral
ABSA_TEST_1339,Positive
ABSA_TEST_1340,Negative
ABSA_TEST_1341,Negative
ABSA_TEST_1342,Neutral
ABSA_TEST_1343,Neutral
ABSA_TEST_1344,Negative
ABSA_TEST_1345,Negative
ABSA_TEST_1346,Positive
ABSA_TEST_1347,Positive
ABSA_TEST_1348,Neutral
ABSA_TEST_1349,Negative
ABSA_TEST_1350,Neutral
ABSA_TEST_1351,Positive
ABSA_TEST_1352,Neutral
ABSA_TEST_1353,Positive
ABSA_TEST_1354,Neutral
ABSA_TEST_1355,Negative
ABSA_TEST_1356,Neutral
ABSA_TEST_1357,Positive
ABSA_TEST_1358,Positive
ABSA_TEST_1359,Neutral
ABSA_TEST_1360,Positive
ABSA_TEST_1361,Positive
ABSA_TEST_1362,Neutral
ABSA_TEST_1363,Positive
ABSA_TEST_1364,Negative
ABSA_TEST_1365,Neutral
ABSA_TEST_1366,Neutral
ABSA_TEST_1367,Neutral
ABSA_TEST_1368,Negative
ABSA_TEST_1369,Negative
ABSA_TEST_1370,Neutral
ABSA_TEST_1371,Negative
ABSA_TEST_1372,Positive
ABSA_TEST_1373,Positive
ABSA_TEST_1374,Positive
ABSA_TEST_1375,Positive
ABSA_TEST_1376,Neutral
ABSA_TEST_1377,Neutral
ABSA_TEST_1378,Neutral
ABSA_TEST_1379,Negative
ABSA_TEST_1380,Neutral
ABSA_TEST_1381,Negative
ABSA_TEST_1382,Positive
ABSA_TEST_1383,Positive
ABSA_TEST_1384,Positive
ABSA_TEST_1385,Negative
ABSA_TEST_1386,Neutral
ABSA_TEST_1387,Neutral
ABSA_TEST_1388,Neutral
ABSA_TEST_1389,Negative
ABSA_TEST_1390,Positive
ABSA_TEST_1391,Negative
ABSA_TEST_1392,Neutral
ABSA_TEST_1393,Negative
ABSA_TEST_1394,Negative
ABSA_TEST_1395,Neutral
ABSA_TEST_1396,Neutral
ABSA_TEST_1397,Neutral
ABSA_TEST_1398,Positive
ABSA_TEST_1399,Negative
ABSA_TEST_1400,Neutral
ABSA_TEST_1401,Positive
ABSA_TEST_1402,Neutral
ABSA_TEST_1403,Neutral
ABSA_TEST_1404,Negative
ABSA_TEST_1405,Neutral
ABSA_TEST_1406,Positive
ABSA_TEST_1407,Neutral
ABSA_TEST_1408,Positive
ABSA_TEST_1409,Positive
ABSA_TEST_1410,Neutral
ABSA_TEST_1411,Positive
ABSA_TEST_1412,Positive
ABSA_TEST_1413,Positive
ABSA_TEST_1414,Neutral
ABSA_TEST_1415,Negative
ABSA_TEST_1416,Neutral
ABSA_TEST_1417,Negative
ABSA_TEST_1418,Negative
ABSA_TEST_1419,Positive
ABSA_TEST_1420,Negative
ABSA_TEST_1421,Neutral
ABSA_TEST_1422,Positive
ABSA_TEST_1423,Negative
ABSA_TEST_1424,Neutral
ABSA_TEST_1425,Neutral
ABSA_TEST_1426,Neutral
ABSA_TEST_1427,Positive
ABSA_TEST_1428,Neutral
ABSA_TEST_1429,Neutral
ABSA_TEST_1430,Negative
ABSA_TEST_1431,Neutral
ABSA_TEST_1432,Neutral
ABSA_TEST_1433,Negative
ABSA_TEST_1434,Neutral
ABSA_TEST_1435,Positive
ABSA_TEST_1436,Positive
ABSA_TEST_1437,Neutral
ABSA_TEST_1438,Negative
ABSA_TEST_1439,Neutral
ABSA_TEST_1440,Negative
ABSA_TEST_1441,Neutral
ABSA_TEST_1442,Neutral
ABSA_TEST_1443,Positive
ABSA_TEST_1444,Negative
ABSA_TEST_1445,Neutral
ABSA_TEST_1446,Neutral
ABSA_TEST_1447,Negative
ABSA_TEST_1448,Positive
ABSA_TEST_1449,Neutral
ABSA_TEST_1450,Positive
ABSA_TEST_1451,Negative
ABSA_TEST_1452,Positive
ABSA_TEST_1453,Negative
ABSA_TEST_1454,Positive
ABSA_TEST_1455,Neutral
ABSA_TEST_1456,Positive
ABSA_TEST_1457,Neutral
ABSA_TEST_1458,Negative
ABSA_TEST_1459,Neutral
ABSA_TEST_1460,Negative
ABSA_TEST_1461,Positive
ABSA_TEST_1462,Positive
ABSA_TEST_1463,Positive
ABSA_TEST_1464,Positive
ABSA_TEST_1465,Neutral
ABSA_TEST_1466,Neutral
ABSA_TEST_1467,Positive
ABSA_TEST_1468,Neutral
ABSA_TEST_1469,Neutral
ABSA_TEST_1470,Negative
ABSA_TEST_1471,Neutral
ABSA_TEST_1472,Positive
ABSA_TEST_1473,Positive
ABSA_TEST_1474,Negative
ABSA_TEST_1475,Positive
ABSA_TEST_1476,Negative
ABSA_TEST_1477,Neutral
ABSA_TEST_1478,Positive
ABSA_TEST_1479,Negative
ABSA_TEST_1480,Negative
ABSA_TEST_1481,Negative
ABSA_TEST_1482,Negative
ABSA_TEST_1483,Neutral
ABSA_TEST_1484,Neutral
ABSA_TEST_1485,Neutral
ABSA_TEST_1486,Neutral
ABSA_TEST_1487,Neutral
ABSA_TEST_1488,Neutral
ABSA_TEST_1489,Positive
ABSA_TEST_1490,Negative
ABSA_TEST_1491,Negative
ABSA_TEST_1492,Positive
ABSA_TEST_1493,Positive
ABSA_TEST_1494,Neutral
ABSA_TEST_1495,Neutral
ABSA_TEST_1496,Positive
ABSA_TEST_1497,Neutral
ABSA_TEST_1498,Positive
ABSA_TEST_1499,Neutral
ABSA_TEST_1500,Negative
ABSA_TEST_1501,Negative
ABSA_TEST_1502,Positive
ABSA_TEST_1503,Neutral
ABSA_TEST_1504,Neutral
ABSA_TEST_1505,Positive
ABSA_TEST_1506,Neutral
ABSA_TEST_1507,Positive
ABSA_TEST_1508,Neutral
ABSA_TEST_1509,Positive
ABSA_TEST_1510,Negative
ABSA_TEST_1511,Negative
ABSA_TEST_1512,Positive
ABSA_TEST_1513,Neutral
ABSA_TEST_1514,Neutral
ABSA_TEST_1515,Positive
ABSA_TEST_1516,Neutral
ABSA_TEST_1517,Neutral
ABSA_TEST_1518,Positive
ABSA_TEST_1519,Neutral
ABSA_TEST_1520,Neutral
ABSA_TEST_1521,Positive
ABSA_TEST_1522,Neutral
ABSA_TEST_1523,Negative
ABSA_TEST_1524,Positive
ABSA_TEST_1525,Neutral
ABSA_TEST_1526,Negative
ABSA_TEST_1527,Negative
ABSA_TEST_1528,Positive
ABSA_TEST_1529,Negative
ABSA_TEST_1530,Positive
ABSA_TEST_1531,Neutral
ABSA_TEST_1532,Neutral
ABSA_TEST_1533,Neutral
ABSA_TEST_1534,Positive
ABSA_TEST_1535,Neutral
ABSA_TEST_1536,Neutral
ABSA_TEST_1537,Positive
ABSA_TEST_1538,Positive
ABSA_TEST_1539,Neutral
ABSA_TEST_1540,Neutral
ABSA_TEST_1541,Positive
ABSA_TEST_1542,Neutral
ABSA_TEST_1543,Negative
ABSA_TEST_1544,Negative
ABSA_TEST_1545,Negative
ABSA_TEST_1546,Neutral
ABSA_TEST_1547,Neutral
ABSA_TEST_1548,Neutral
ABSA_TEST_1549,Negative
ABSA_TEST_1550,Positive
ABSA_TEST_1551,Negative
ABSA_TEST_1552,Neutral
ABSA_TEST_1553,Neutral
ABSA_TEST_1554,Neutral
ABSA_TEST_1555,Neutral
ABSA_TEST_1556,Neutral
ABSA_TEST_1557,Positive
ABSA_TEST_1558,Negative
ABSA_TEST_1559,Positive
ABSA_TEST_1560,Positive
ABSA_TEST_1561,Positive
ABSA_TEST_1562,Positive
ABSA_TEST_1563,Neutral
ABSA_TEST_1564,Positive
ABSA_TEST_1565,Neutral
ABSA_TEST_1566,Neutral
ABSA_TEST_1567,Neutral
ABSA_TEST_1568,Neutral
ABSA_TEST_1569,Positive
ABSA_TEST_1570,Neutral
ABSA_TEST_1571,Positive
ABSA_TEST_1572,Neutral
ABSA_TEST_1573,Negative
ABSA_TEST_1574,Neutral
ABSA_TEST_1575,Positive
ABSA_TEST_1576,Neutral
ABSA_TEST_1577,Positive
ABSA_TEST_1578,Positive
ABSA_TEST_1579,Neutral
ABSA_TEST_1580,Neutral
ABSA_TEST_1581,Neutral
ABSA_TEST_1582,Negative
ABSA_TEST_1583,Neutral
ABSA_TEST_1584,Negative
ABSA_TEST_1585,Neutral
ABSA_TEST_1586,Neutral
ABSA_TEST_1587,Positive
ABSA_TEST_1588,Negative
ABSA_TEST_1589,Neutral
ABSA_TEST_1590,Positive
ABSA_TEST_1591,Positive
ABSA_TEST_1592,Negative
ABSA_TEST_1593,Positive
ABSA_TEST_1594,Neutral
ABSA_TEST_1595,Positive
ABSA_TEST_1596,Neutral
ABSA_TEST_1597,Positive
ABSA_TEST_1598,Positive
ABSA_TEST_1599,Negative
ABSA_TEST_1600,Positive
ABSA_TEST_1601,Neutral
ABSA_TEST_1602,Positive
ABSA_TEST_1603,Neutral
ABSA_TEST_1604,Neutral
ABSA_TEST_1605,Neutral
ABSA_TEST_1606,Negative
ABSA_TEST_1607,Neutral
ABSA_TEST_1608,Neutral
ABSA_TEST_1609,Negative
ABSA_TEST_1610,Positive
ABSA_TEST_1611,Positive
ABSA_TEST_1612,Neutral
ABSA_TEST_1613,Negative
ABSA_TEST_1614,Neutral
ABSA_TEST_1615,Neutral
ABSA_TEST_1616,Neutral
ABSA_TEST_1617,Positive
ABSA_TEST_1618,Neutral
ABSA_TEST_1619,Neutral
ABSA_TEST_1620,Neutral
ABSA_TEST_1621,Neutral
ABSA_TEST_1622,Neutral
ABSA_TEST_1623,Positive
ABSA_TEST_1624,Negative
ABSA_TEST_1625,Negative
ABSA_TEST_1626,Positive
ABSA_TEST_1627,Positive
ABSA_TEST_1628,Neutral
ABSA_TEST_1629,Negative
ABSA_TEST_1630,Negative
ABSA_TEST_1631,Positive
ABSA_TEST_1632,Negative
ABSA_TEST_1633,Neutral
ABSA_TEST_1634,Positive
ABSA_TEST_1635,Neutral
ABSA_TEST_1636,Neutral
ABSA_TEST_1637,Negative
ABSA_TEST_1638,Neutral
ABSA_TEST_1639,Neutral
ABSA_TEST_1640,Neutral
ABSA_TEST_1641,Negative
ABSA_TEST_1642,Negative
ABSA_TEST_1643,Neutral
ABSA_TEST_1644,Positive
ABSA_TEST_1645,Negative
ABSA_TEST_1646,Neutral
ABSA_TEST_1647,Positive
ABSA_TEST_1648,Negative
ABSA_TEST_1649,Negative
ABSA_TEST_1650,Neutral
ABSA_TEST_1651,Negative
ABSA_TEST_1652,Positive
ABSA_TEST_1653,Positive
ABSA_TEST_1654,Positive
ABSA_TEST_1655,Neutral
ABSA_TEST_1656,Positive
ABSA_TEST_1657,Neutral
ABSA_TEST_1658,Positive
ABSA_TEST_1659,Neutral
ABSA_TEST_1660,Neutral
ABSA_TEST_1661,Neutral
ABSA_TEST_1662,Positive
ABSA_TEST_1663,Neutral
ABSA_TEST_1664,Negative
ABSA_TEST_1665,Neutral
ABSA_TEST_1666,Neutral
ABSA_TEST_1667,Neutral
ABSA_TEST_1668,Neutral
ABSA_TEST_1669,Positive
ABSA_TEST_1670,Neutral
ABSA_TEST_1671,Neutral
ABSA_TEST_1672,Neutral
ABSA_TEST_1673,Negative
ABSA_TEST_1674,Positive
ABSA_TEST_1675,Neutral
ABSA_TEST_1676,Positive
ABSA_TEST_1677,Negative
ABSA_TEST_1678,Positive
ABSA_TEST_1679,Neutral
ABSA_TEST_1680,Neutral
ABSA_TEST_1681,Neutral
ABSA_TEST_1682,Positive
ABSA_TEST_1683,Neutral
ABSA_TEST_1684,Neutral
ABSA_TEST_1685,Neutral
ABSA_TEST_1686,Positive
ABSA_TEST_1687,Negative
ABSA_TEST_1688,Neutral
ABSA_TEST_1689,Negative
ABSA_TEST_1690,Neutral
ABSA_TEST_1691,Positive
ABSA_TEST_1692,Neutral
ABSA_TEST_1693,Negative
ABSA_TEST_1694,Neutral
ABSA_TEST_1695,Positive
ABSA_TEST_1696,Neutral
ABSA_TEST_1697,Neutral
ABSA_TEST_1698,Negative
ABSA_TEST_1699,Negative
ABSA_TEST_1700,Neutral
ABSA_TEST_1701,Neutral
ABSA_TEST_1702,Neutral
ABSA_TEST_1703,Negative
ABSA_TEST_1704,Neutral
ABSA_TEST_1705,Neutral
ABSA_TEST_1706,Positive
ABSA_TEST_1707,Neutral
ABSA_TEST_1708,Neutral
ABSA_TEST_1709,Positive
ABSA_TEST_1710,Positive
ABSA_TEST_1711,Neutral
ABSA_TEST_1712,Positive
ABSA_TEST_1713,Positive
ABSA_TEST_1714,Neutral
ABSA_TEST_1715,Positive
ABSA_TEST_1716,Negative
ABSA_TEST_1717,Neutral
ABSA_TEST_1718,Negative
ABSA_TEST_1719,Neutral
ABSA_TEST_1720,Positive
ABSA_TEST_1721,Negative
ABSA_TEST_1722,Positive
ABSA_TEST_1723,Positive
ABSA_TEST_1724,Negative
ABSA_TEST_1725,Neutral
ABSA_TEST_1726,Neutral
ABSA_TEST_1727,Neutral
ABSA_TEST_1728,Neutral
ABSA_TEST_1729,Negative
ABSA_TEST_1730,Neutral
ABSA_TEST_1731,Positive
ABSA_TEST_1732,Positive
ABSA_TEST_1733,Negative
ABSA_TEST_1734,Negative
ABSA_TEST_1735,Positive
ABSA_TEST_1736,Neutral
ABSA_TEST_1737,Positive
ABSA_TEST_1738,Neutral
ABSA_TEST_1739,Neutral
ABSA_TEST_1740,Negative
ABSA_TEST_1741,Neutral
ABSA_TEST_1742,Positive
ABSA_TEST_1743,Neutral
ABSA_TEST_1744,Positive
ABSA_TEST_1745,Neutral
ABSA_TEST_1746,Neutral
ABSA_TEST_1747,Neutral
ABSA_TEST_1748,Neutral
ABSA_TEST_1749,Positive
ABSA_TEST_1750,Neutral
ABSA_TEST_1751,Negative
ABSA_TEST_1752,Neutral
ABSA_TEST_1753,Neutral
ABSA_TEST_1754,Neutral
ABSA_TEST_1755,Neutral
ABSA_TEST_1756,Positive
ABSA_TEST_1757,Neutral
ABSA_TEST_1758,Positive
ABSA_TEST_1759,Neutral
ABSA_TEST_1760,Negative
ABSA_TEST_1761,Neutral
ABSA_TEST_1762,Neutral
ABSA_TEST_1763,Negative
ABSA_TEST_1764,Positive
ABSA_TEST_1765,Positive
ABSA_TEST_1766,Positive
ABSA_TEST_1767,Neutral
ABSA_TEST_1768,Positive
ABSA_TEST_1769,Neutral
ABSA_TEST_1770,Negative
ABSA_TEST_1771,Neutral
ABSA_TEST_1772,Neutral
ABSA_TEST_1773,Positive
ABSA_TEST_1774,Negative
ABSA_TEST_1775,Neutral
ABSA_TEST_1776,Positive
ABSA_TEST_1777,Positive
ABSA_TEST_1778,Neutral
ABSA_TEST_1779,Positive
ABSA_TEST_1780,Negative
ABSA_TEST_1781,Negative
ABSA_TEST_1782,Positive
ABSA_TEST_1783,Neutral
ABSA_TEST_1784,Neutral
ABSA_TEST_1785,Neutral
ABSA_TEST_1786,Neutral
ABSA_TEST_1787,Negative
ABSA_TEST_1788,Negative
ABSA_TEST_1789,Positive
ABSA_TEST_1790,Negative
ABSA_TEST_1791,Negative
ABSA_TEST_1792,Positive
ABSA_TEST_1793,Neutral
ABSA_TEST_1794,Neutral
ABSA_TEST_1795,Neutral
ABSA_TEST_1796,Negative
ABSA_TEST_1797,Negative
ABSA_TEST_1798,Positive
ABSA_TEST_1799,Neutral
ABSA_TEST_1800,Neutral
ABSA_TEST_1801,Positive
ABSA_TEST_1802,Negative
ABSA_TEST_1803,Negative
ABSA_TEST_1804,Neutral
ABSA_TEST_1805,Positive
ABSA_TEST_1806,Neutral
ABSA_TEST_1807,Neutral
ABSA_TEST_1808,Neutral
ABSA_TEST_1809,Positive
ABSA_TEST_1810,Negative
ABSA_TEST_1811,Positive
ABSA_TEST_1812,Positive
ABSA_TEST_1813,Positive
ABSA_TEST_1814,Positive
ABSA_TEST_1815,Positive
ABSA_TEST_1816,Positive
ABSA_TEST_1817,Positive
ABSA_TEST_1818,Positive
ABSA_TEST_1819,Neutral
ABSA_TEST_1820,Negative
ABSA_TEST_1821,Positive
ABSA_TEST_1822,Neutral
ABSA_TEST_1823,Negative
ABSA_TEST_1824,Neutral
ABSA_TEST_1825,Neutral
ABSA_TEST_1826,Neutral
ABSA_TEST_1827,Neutral
ABSA_TEST_1828,Neutral
ABSA_TEST_1829,Negative
ABSA_TEST_1830,Negative
ABSA_TEST_1831,Positive
ABSA_TEST_1832,Positive
ABSA_TEST_1833,Neutral
ABSA_TEST_1834,Neutral
ABSA_TEST_1835,Neutral
ABSA_TEST_1836,Positive
ABSA_TEST_1837,Neutral
ABSA_TEST_1838,Negative
ABSA_TEST_1839,Positive
ABSA_TEST_1840,Positive
ABSA_TEST_1841,Neutral
ABSA_TEST_1842,Neutral
ABSA_TEST_1843,Neutral
ABSA_TEST_1844,Positive
ABSA_TEST_1845,Positive
ABSA_TEST_1846,Neutral
ABSA_TEST_1847,Negative
ABSA_TEST_1848,Negative
ABSA_TEST_1849,Positive
ABSA_TEST_1850,Neutral
ABSA_TEST_1851,Positive
ABSA_TEST_1852,Neutral
ABSA_TEST_1853,Positive
ABSA_TEST_1854,Positive
ABSA_TEST_1855,Neutral
ABSA_TEST_1856,Neutral
ABSA_TEST_1857,Neutral
ABSA_TEST_1858,Neutral
ABSA_TEST_1859,Negative
ABSA_TEST_1860,Negative
ABSA_TEST_1861,Positive
ABSA_TEST_1862,Positive
ABSA_TEST_1863,Neutral
ABSA_TEST_1864,Neutral
ABSA_TEST_1865,Neutral
ABSA_TEST_1866,Positive
ABSA_TEST_1867,Neutral
ABSA_TEST_1868,Positive
ABSA_TEST_1869,Neutral
ABSA_TEST_1870,Positive
ABSA_TEST_1871,Neutral
ABSA_TEST_1872,Neutral
ABSA_TEST_1873,Neutral
ABSA_TEST_1874,Positive
ABSA_TEST_1875,Positive
ABSA_TEST_1876,Neutral
ABSA_TEST_1877,Neutral
ABSA_TEST_1878,Negative
ABSA_TEST_1879,Neutral
ABSA_TEST_1880,Negative
ABSA_TEST_1881,Neutral
ABSA_TEST_1882,Neutral
ABSA_TEST_1883,Negative
ABSA_TEST_1884,Positive
ABSA_TEST_1885,Neutral
ABSA_TEST_1886,Negative
ABSA_TEST_1887,Neutral
ABSA_TEST_1888,Positive
ABSA_TEST_1889,Neutral
ABSA_TEST_1890,Negative
ABSA_TEST_1891,Neutral
ABSA_TEST_1892,Positive
ABSA_TEST_1893,Positive
ABSA_TEST_1894,Negative
ABSA_TEST_1895,Neutral
ABSA_TEST_1896,Negative
ABSA_TEST_1897,Positive
ABSA_TEST_1898,Negative
ABSA_TEST_1899,Positive
ABSA_TEST_1900,Neutral
ABSA_TEST_1901,Positive
ABSA_TEST_1902,Positive
ABSA_TEST_1903,Negative
ABSA_TEST_1904,Neutral
ABSA_TEST_1905,Negative
ABSA_TEST_1906,Neutral
ABSA_TEST_1907,Negative
ABSA_TEST_1908,Neutral
ABSA_TEST_1909,Neutral
ABSA_TEST_1910,Positive
ABSA_TEST_1911,Negative
ABSA_TEST_1912,Negative
ABSA_TEST_1913,Positive
ABSA_TEST_1914,Positive
ABSA_TEST_1915,Negative
ABSA_TEST_1916,Neutral
ABSA_TEST_1917,Negative
ABSA_TEST_1918,Negative
ABSA_TEST_1919,Neutral
ABSA_TEST_1920,Negative
ABSA_TEST_1921,Negative
ABSA_TEST_1922,Positive
ABSA_TEST_1923,Negative
ABSA_TEST_1924,Negative
ABSA_TEST_1925,Neutral
ABSA_TEST_1926,Neutral
ABSA_TEST_1927,Neutral
ABSA_TEST_1928,Negative
ABSA_TEST_1929,Negative
ABSA_TEST_1930,Neutral
ABSA_TEST_1931,Neutral
ABSA_TEST_1932,Neutral
ABSA_TEST_1933,Neutral
ABSA_TEST_1934,Neutral
ABSA_TEST_1935,Negative
ABSA_TEST_1936,Neutral
ABSA_TEST_1937,Positive
ABSA_TEST_1938,Negative
ABSA_TEST_1939,Neutral
ABSA_TEST_1940,Neutral
ABSA_TEST_1941,Negative
ABSA_TEST_1942,Neutral
ABSA_TEST_1943,Neutral
ABSA_TEST_1944,Negative
ABSA_TEST_1945,Negative
ABSA_TEST_1946,Negative
ABSA_TEST_1947,Positive
ABSA_TEST_1948,Neutral
ABSA_TEST_1949,Negative
ABSA_TEST_1950,Positive
ABSA_TEST_1951,Negative
ABSA_TEST_1952,Neutral
ABSA_TEST_1953,Positive
ABSA_TEST_1954,Neutral
ABSA_TEST_1955,Positive
ABSA_TEST_1956,Neutral
ABSA_TEST_1957,Negative
ABSA_TEST_1958,Neutral
ABSA_TEST_1959,Positive
ABSA_TEST_1960,Negative
ABSA_TEST_1961,Positive
ABSA_TEST_1962,Negative
ABSA_TEST_1963,Neutral
ABSA_TEST_1964,Positive
ABSA_TEST_1965,Neutral
ABSA_TEST_1966,Negative
ABSA_TEST_1967,Neutral
ABSA_TEST_1968,Neutral
ABSA_TEST_1969,Positive
ABSA_TEST_1970,Neutral
ABSA_TEST_1971,Negative
ABSA_TEST_1972,Neutral
ABSA_TEST_1973,Neutral
ABSA_TEST_1974,Negative
ABSA_TEST_1975,Positive
ABSA_TEST_1976,Neutral
ABSA_TEST_1977,Neutral
ABSA_TEST_1978,Negative
ABSA_TEST_1979,Positive
ABSA_TEST_1980,Neutral
ABSA_TEST_1981,Positive
ABSA_TEST_1982,Negative
ABSA_TEST_1983,Neutral
ABSA_TEST_1984,Neutral
ABSA_TEST_1985,Negative
ABSA_TEST_1986,Positive
ABSA_TEST_1987,Neutral
ABSA_TEST_1988,Positive
ABSA_TEST_1989,Neutral
ABSA_TEST_1990,Positive
ABSA_TEST_1991,Neutral
ABSA_TEST_1992,Neutral
ABSA_TEST_1993,Neutral
ABSA_TEST_1994,Positive
ABSA_TEST_1995,Neutral
ABSA_TEST_1996,Negative
ABSA_TEST_1997,Negative
ABSA_TEST_1998,Neutral
ABSA_TEST_1999,Neutral
ABSA_TEST_2000,Neutral
